filename,bbox,confidence
S1A_IW_GRDH_1SDV_20220125T015006_20220125T015035_041611_04F317_5E2C_Cal_ML_Spk_TC.jp2,-118.46688 32.09371 -117.42933 33.414238,0.896628481585805
